cluster_id,summary,headlines_count,headlines,timestamp
0,"Here's a concise summary of the financial news headlines:

**Summary:**

The Federal Reserve's indication of potential interest rate cuts and ongoing Bitcoin volatility amid regulatory uncertainty are creating cross-sector ripples. Key sectors impacted include finance (banking, investment) and technology (cryptocurrency). The primary trends are a dovish shift in monetary policy by the Fed and persistent instability in the cryptocurrency market.

Market implications suggest a potential boost for interest-rate sensitive assets like bonds and growth stocks if the Fed proceeds with rate cuts. Conversely, Bitcoin and related crypto assets remain risky due to unresolved regulatory concerns, deterring broader institutional investment and contributing to price swings. Investors should cautiously weigh the potential benefits of lower rates against the speculative nature of the cryptocurrency market.
",2,"['Federal Reserve signals potential interest rate cuts', 'Bitcoin volatility continues as regulatory uncertainty persists']",2025-08-07T03:00:29.021952
1,"**Summary:**

Microsoft and Amazon are aggressively expanding their Artificial Intelligence (AI) offerings within their Azure and Amazon Web Services (AWS) cloud platforms, respectively. This signifies a major intensification of competition in the cloud computing and AI sectors.

The primary trend is the integration of new AI features into existing cloud infrastructure, aiming to provide businesses with powerful tools for innovation, automation, and data analysis.

Market implications suggest increased demand for AI-powered cloud solutions and potentially higher investment in AI infrastructure. This could benefit companies developing and providing AI technologies, as well as organizations adopting these solutions to gain a competitive advantage. Investors should closely monitor the adoption rates and performance of these new AI features to assess the long-term impact on the cloud market and the valuation of Microsoft and Amazon. The competition between these tech giants is likely to drive further innovation and potentially lower prices for cloud-based AI services.
",2,"['Microsoft announces new AI features for Azure cloud platform', 'Amazon expands cloud services with new AI capabilities']",2025-08-07T03:00:32.380646
2,"**Summary:**

Major tech companies, including Tesla and Alphabet (Google), are driving market optimism with strong quarterly earnings, surpassing analyst expectations. This performance, alongside solid results from Bank of America, has propelled the S&P 500 to a new all-time high. While Goldman Sachs reported mixed results, the overall sentiment is positive.

**Key Companies:** Tesla, Alphabet (Google), Bank of America, Goldman Sachs.
**Main Sectors:** Technology, Financials.
**Primary Themes:** Strong earnings growth, exceeding expectations in key sectors.
**Market Implications:** The market continues to benefit from positive earnings results, especially in the technology sector. Despite mixed results from some financial institutions, overall strong performance suggests potential for continued market growth, driven by corporate profitability. Investors may consider focusing on companies with strong growth potential within these sectors.
",5,"['Tesla reports record quarterly earnings, beats analyst expectations', 'Google parent Alphabet beats revenue expectations in Q4 earnings', 'S&P 500 reaches new all-time high on strong earnings', 'Bank of America reports strong quarterly profits', 'Goldman Sachs reports mixed quarterly results']",2025-08-07T03:00:35.431977
3,"**Summary:**

Netflix and Disney, key players in the streaming and entertainment sectors, are facing contrasting fortunes. Netflix is experiencing decelerated subscriber growth due to increasing competition in the streaming market. Conversely, Disney's streaming service is gaining traction, fueled by new content releases.

This signifies a shift in the competitive landscape, suggesting that content quality and originality are becoming crucial differentiators for attracting and retaining subscribers.

**Market Implications:**
*   **Netflix:** Slower growth could pressure Netflix's stock price and potentially lead to increased focus on profitability through price adjustments or cost management.
*   **Disney:** Success suggests a positive outlook for Disney's stock, justifying further investment in streaming content and potentially leading to expanded market share.
*   **Overall:** The intensifying competition highlights the need for streaming services to continuously innovate and deliver compelling content to maintain a competitive edge. Investors should closely monitor subscriber acquisition costs and churn rates for both companies.
",2,"['Netflix subscriber growth slows as competition intensifies', 'Disney streaming service gains momentum with new content']",2025-08-07T03:00:38.705576
4,"Here's a concise summary of the financial news headlines:

**Summary:**

Intel's ongoing chip shortage is negatively impacting the broader technology industry, causing production bottlenecks. Concurrently, AMD is capitalizing on this situation, successfully gaining market share in the processor market due to rising demand. This reflects a shift in competitive dynamics within the semiconductor industry, specifically in processor manufacturing. Market implications suggest potential revenue losses for companies heavily reliant on Intel chips, while AMD stands to benefit from increased sales and strengthened market position. Investors should monitor supply chain vulnerabilities and processor market share data, considering potential adjustments in portfolios to reflect these evolving industry trends. Companies should diversify their supplier base to mitigate future chip shortage risks.
",2,"['Intel chip shortage affects production across tech industry', 'AMD gains market share in processors as demand increases']",2025-08-07T03:00:41.734807
5,"Here's a concise professional summary of the financial news headline:

**Summary:**

Citigroup (Financial Services) is initiating a restructuring plan aimed at significantly reducing operational costs. This cost-cutting initiative, likely involving layoffs and departmental reorganization, reflects a broader trend of efficiency improvements within the financial sector as banks navigate economic uncertainty and increasing competition. Market implications include potential short-term volatility in Citigroup's stock as investors assess the restructuring's effectiveness. Analysts will be scrutinizing the details for projected savings and the impact on revenue generation. This move could signal a similar trend among other large financial institutions facing margin pressures, potentially impacting employment within the sector and driving further consolidation. Investors should monitor Citigroup's performance post-restructuring to gauge long-term profitability and strategic direction.
",1,['Citigroup announces restructuring plan to cut costs'],2025-08-07T03:00:44.829376
6,"Here's a concise summary of the provided headlines:

Apple's strong iPhone sales and services growth drove its stock up 3%, indicating positive momentum in the **technology sector**. Concurrently, **gold prices** are surging to record highs as investors flock to safe-haven assets, a trend often associated with economic uncertainty and risk aversion.

**Key Companies:** Apple.

**Main Sectors:** Technology, Commodities (specifically gold).

**Primary Themes/Trends:** Strong performance in the tech sector (Apple), flight to safety and record high gold prices.

**Market Implications:** The contrasting movements suggest a mixed market sentiment. Apple's success signals potential opportunity in specific growth stocks, while the gold surge implies broader market anxiety and could foreshadow increased volatility in other asset classes. Investors should carefully consider diversification strategies and monitor economic indicators for further clues about market direction.
",2,"['Apple stock rises 3% on strong iPhone sales and services growth', 'Gold prices hit record high as investors seek safe haven']",2025-08-07T03:00:48.129290
7,"Here's a concise summary of the provided headline:

**Summary:**

Meta Platforms (Facebook parent), operating within the technology and social media sectors, is facing increased regulatory scrutiny regarding its data practices. This highlights the ongoing trend of governments and regulatory bodies tightening oversight on big tech companies and their handling of user data.

Market implications could include increased compliance costs for Meta, potential fines, and possible limitations on its ability to collect and utilize user data, which could negatively impact its advertising revenue and growth prospects. Investors should monitor regulatory developments and assess the potential impact on Meta's long-term profitability and valuation. Increased uncertainty due to regulatory challenges could lead to short-term volatility in Meta's stock price.
",1,['Facebook parent Meta faces regulatory scrutiny over data practices'],2025-08-07T03:00:51.202156
8,"**Summary:**

Geopolitical tensions in the Middle East are driving a surge in oil prices. While no specific oil companies are explicitly named, expect potential gains for major players in the **energy sector** such as ExxonMobil, Chevron, and BP, as well as their associated supply chain. This price increase points towards a **primary trend of higher energy costs**, potentially impacting consumers and businesses globally. **Market implications** include increased inflation, potential interest rate adjustments by central banks, and boosted profitability for energy companies. Investors should monitor geopolitical developments closely and consider potential investments in the energy sector but be wary of volatility. Conversely, industries heavily reliant on oil, such as airlines and transportation, may face increased operational costs and pressure on profit margins.
",1,['Oil prices surge on geopolitical tensions in Middle East'],2025-08-07T03:00:54.171807
9,"**Summary:**

JPMorgan Chase (JPM) and Wells Fargo (WFC) are in focus, highlighting trends within the banking sector. JPMorgan Chase is expanding its digital banking services, indicating a continued investment in technology and a push for greater customer acquisition and retention through enhanced digital offerings. This suggests a competitive pressure on other banks to innovate similarly. Wells Fargo, conversely, faces new regulatory hurdles, likely impacting its operational efficiency and potentially limiting growth prospects. Market implications suggest a divergence in performance. JPM may experience positive momentum due to its proactive digital strategy. WFC's outlook is more cautious, with potential for constrained growth and increased compliance costs negatively impacting investor sentiment. Investors should monitor regulatory updates concerning Wells Fargo and compare digital banking strategies across major banks to assess relative competitive positioning.
",2,"['JPMorgan Chase expands digital banking services', 'Wells Fargo faces new regulatory challenges']",2025-08-07T03:00:57.320624
